target	target_type	incoming_unique_sources	incoming_raw_links
/	home	118	1713
/info/about	info	118	123
/info/contacts	info	118	129
/info/documents	info	118	126
/info/partners	info	118	122
/info/personal-data	info	118	126
/info/privacy-policy	info	118	125
/info/terms	info	118	127
/ekaterinburg	city	22	25
/kazan	city	22	25
/moscow	city	22	25
/novosibirsk	city	22	25
/samara	city	22	25
/ekaterinburg/dengi-pod-zalog-mashiny	intent	8	17
/ekaterinburg/dengi-pod-zalog-mashiny/bez-podtverzhdeniya-dohoda	modifier	8	11
/ekaterinburg/dengi-pod-zalog-mashiny/bez-spravok	modifier	8	11
/ekaterinburg/dengi-pod-zalog-mashiny/dlya-biznesa	modifier	8	11
/ekaterinburg/dengi-pod-zalog-mashiny/na-kartu	modifier	8	11
/ekaterinburg/dengi-pod-zalog-mashiny/online	modifier	8	11
/ekaterinburg/dengi-pod-zalog-mashiny/s-plohoi-kreditnoi-istoriei	modifier	8	11
/ekaterinburg/kredit-pod-zalog-avto	intent	8	17
/ekaterinburg/kredit-pod-zalog-avto/bez-podtverzhdeniya-dohoda	modifier	8	11
/ekaterinburg/kredit-pod-zalog-avto/bez-spravok	modifier	8	11
/ekaterinburg/kredit-pod-zalog-avto/dlya-biznesa	modifier	8	11
/ekaterinburg/kredit-pod-zalog-avto/na-kartu	modifier	8	11
/ekaterinburg/kredit-pod-zalog-avto/online	modifier	8	11
/ekaterinburg/kredit-pod-zalog-avto/s-plohoi-kreditnoi-istoriei	modifier	8	11
/ekaterinburg/zaim-pod-zalog-pts	intent	8	17
/ekaterinburg/zaim-pod-zalog-pts/bez-podtverzhdeniya-dohoda	modifier	8	11
/ekaterinburg/zaim-pod-zalog-pts/bez-spravok	modifier	8	11
/ekaterinburg/zaim-pod-zalog-pts/dlya-biznesa	modifier	8	11
/ekaterinburg/zaim-pod-zalog-pts/na-kartu	modifier	8	11
/ekaterinburg/zaim-pod-zalog-pts/online	modifier	8	11
/ekaterinburg/zaim-pod-zalog-pts/s-plohoi-kreditnoi-istoriei	modifier	8	11
/kazan/dengi-pod-zalog-mashiny	intent	8	17
/kazan/dengi-pod-zalog-mashiny/bez-podtverzhdeniya-dohoda	modifier	8	11
/kazan/dengi-pod-zalog-mashiny/bez-spravok	modifier	8	11
/kazan/dengi-pod-zalog-mashiny/dlya-biznesa	modifier	8	11
/kazan/dengi-pod-zalog-mashiny/na-kartu	modifier	8	11
/kazan/dengi-pod-zalog-mashiny/online	modifier	8	11
/kazan/dengi-pod-zalog-mashiny/s-plohoi-kreditnoi-istoriei	modifier	8	11
/kazan/kredit-pod-zalog-avto	intent	8	17
/kazan/kredit-pod-zalog-avto/bez-podtverzhdeniya-dohoda	modifier	8	11
/kazan/kredit-pod-zalog-avto/bez-spravok	modifier	8	11
/kazan/kredit-pod-zalog-avto/dlya-biznesa	modifier	8	11
/kazan/kredit-pod-zalog-avto/na-kartu	modifier	8	11
/kazan/kredit-pod-zalog-avto/online	modifier	8	11
/kazan/kredit-pod-zalog-avto/s-plohoi-kreditnoi-istoriei	modifier	8	11
/kazan/zaim-pod-zalog-pts	intent	8	17
/kazan/zaim-pod-zalog-pts/bez-podtverzhdeniya-dohoda	modifier	8	11
/kazan/zaim-pod-zalog-pts/bez-spravok	modifier	8	11
/kazan/zaim-pod-zalog-pts/dlya-biznesa	modifier	8	11
/kazan/zaim-pod-zalog-pts/na-kartu	modifier	8	11
/kazan/zaim-pod-zalog-pts/online	modifier	8	11
/kazan/zaim-pod-zalog-pts/s-plohoi-kreditnoi-istoriei	modifier	8	11
/moscow/dengi-pod-zalog-mashiny	intent	8	17
/moscow/dengi-pod-zalog-mashiny/bez-podtverzhdeniya-dohoda	modifier	8	11
/moscow/dengi-pod-zalog-mashiny/bez-spravok	modifier	8	11
/moscow/dengi-pod-zalog-mashiny/dlya-biznesa	modifier	8	11
/moscow/dengi-pod-zalog-mashiny/na-kartu	modifier	8	11
/moscow/dengi-pod-zalog-mashiny/online	modifier	8	11
/moscow/dengi-pod-zalog-mashiny/s-plohoi-kreditnoi-istoriei	modifier	8	11
/moscow/kredit-pod-zalog-avto	intent	8	17
/moscow/kredit-pod-zalog-avto/bez-podtverzhdeniya-dohoda	modifier	8	11
/moscow/kredit-pod-zalog-avto/bez-spravok	modifier	8	11
/moscow/kredit-pod-zalog-avto/dlya-biznesa	modifier	8	11
/moscow/kredit-pod-zalog-avto/na-kartu	modifier	8	11
/moscow/kredit-pod-zalog-avto/online	modifier	8	11
/moscow/kredit-pod-zalog-avto/s-plohoi-kreditnoi-istoriei	modifier	8	11
/moscow/zaim-pod-zalog-pts	intent	8	17
/moscow/zaim-pod-zalog-pts/bez-podtverzhdeniya-dohoda	modifier	8	11
/moscow/zaim-pod-zalog-pts/bez-spravok	modifier	8	11
/moscow/zaim-pod-zalog-pts/dlya-biznesa	modifier	8	11
/moscow/zaim-pod-zalog-pts/na-kartu	modifier	8	11
/moscow/zaim-pod-zalog-pts/online	modifier	8	11
/moscow/zaim-pod-zalog-pts/s-plohoi-kreditnoi-istoriei	modifier	8	11
/novosibirsk/dengi-pod-zalog-mashiny	intent	8	17
/novosibirsk/dengi-pod-zalog-mashiny/bez-podtverzhdeniya-dohoda	modifier	8	11
/novosibirsk/dengi-pod-zalog-mashiny/bez-spravok	modifier	8	11
/novosibirsk/dengi-pod-zalog-mashiny/dlya-biznesa	modifier	8	11
/novosibirsk/dengi-pod-zalog-mashiny/na-kartu	modifier	8	11
/novosibirsk/dengi-pod-zalog-mashiny/online	modifier	8	11
/novosibirsk/dengi-pod-zalog-mashiny/s-plohoi-kreditnoi-istoriei	modifier	8	11
/novosibirsk/kredit-pod-zalog-avto	intent	8	17
/novosibirsk/kredit-pod-zalog-avto/bez-podtverzhdeniya-dohoda	modifier	8	11
/novosibirsk/kredit-pod-zalog-avto/bez-spravok	modifier	8	11
/novosibirsk/kredit-pod-zalog-avto/dlya-biznesa	modifier	8	11
/novosibirsk/kredit-pod-zalog-avto/na-kartu	modifier	8	11
/novosibirsk/kredit-pod-zalog-avto/online	modifier	8	11
/novosibirsk/kredit-pod-zalog-avto/s-plohoi-kreditnoi-istoriei	modifier	8	11
/novosibirsk/zaim-pod-zalog-pts	intent	8	17
/novosibirsk/zaim-pod-zalog-pts/bez-podtverzhdeniya-dohoda	modifier	8	11
/novosibirsk/zaim-pod-zalog-pts/bez-spravok	modifier	8	11
/novosibirsk/zaim-pod-zalog-pts/dlya-biznesa	modifier	8	11
/novosibirsk/zaim-pod-zalog-pts/na-kartu	modifier	8	11
/novosibirsk/zaim-pod-zalog-pts/online	modifier	8	11
/novosibirsk/zaim-pod-zalog-pts/s-plohoi-kreditnoi-istoriei	modifier	8	11
/samara/dengi-pod-zalog-mashiny	intent	8	17
/samara/dengi-pod-zalog-mashiny/bez-podtverzhdeniya-dohoda	modifier	8	11
/samara/dengi-pod-zalog-mashiny/bez-spravok	modifier	8	11
/samara/dengi-pod-zalog-mashiny/dlya-biznesa	modifier	8	11
/samara/dengi-pod-zalog-mashiny/na-kartu	modifier	8	11
/samara/dengi-pod-zalog-mashiny/online	modifier	8	11
/samara/dengi-pod-zalog-mashiny/s-plohoi-kreditnoi-istoriei	modifier	8	11
/samara/kredit-pod-zalog-avto	intent	8	17
/samara/kredit-pod-zalog-avto/bez-podtverzhdeniya-dohoda	modifier	8	11
/samara/kredit-pod-zalog-avto/bez-spravok	modifier	8	11
/samara/kredit-pod-zalog-avto/dlya-biznesa	modifier	8	11
/samara/kredit-pod-zalog-avto/na-kartu	modifier	8	11
/samara/kredit-pod-zalog-avto/online	modifier	8	11
/samara/kredit-pod-zalog-avto/s-plohoi-kreditnoi-istoriei	modifier	8	11
/samara/zaim-pod-zalog-pts	intent	8	17
/samara/zaim-pod-zalog-pts/bez-podtverzhdeniya-dohoda	modifier	8	11
/samara/zaim-pod-zalog-pts/bez-spravok	modifier	8	11
/samara/zaim-pod-zalog-pts/dlya-biznesa	modifier	8	11
/samara/zaim-pod-zalog-pts/na-kartu	modifier	8	11
/samara/zaim-pod-zalog-pts/online	modifier	8	11
/samara/zaim-pod-zalog-pts/s-plohoi-kreditnoi-istoriei	modifier	8	11